{"roc":{"ROCy":[0,0.375,0.375,0.375,0.375,0.45833,0.5,0.58333,0.66667,0.75,0.75,0.79167,0.79167,0.79167,0.79167,0.79167,0.79167,0.83333,0.875,0.875,0.875,0.91667,0.91667,0.91667,0.91667,0.91667,0.91667,0.91667,0.91667,0.91667,0.91667,0.91667,0.91667,0.91667,0.91667,0.91667,0.91667,0.91667,0.91667,0.91667,0.91667,0.91667,0.91667,0.91667,0.91667,0.91667,0.91667,0.91667,0.91667,0.91667,0.95833,0.95833,0.95833,0.95833,0.95833,0.95833,0.95833,0.95833,0.95833,0.95833,1,1,1,1,1,1,1,1,1,1,1,1,1,1,1,1,1,1,1,1,1,1,1,1,1,1,1,1,1,1,1,1,1,1,1,1,1,1,1,1,1],"ROCx":[0,0,0,0,0,0,0,0,0,0,0,0,0,0,0,0,0,0,0,0,0,0,0,0,0,0,0,0,0,0,0,0,0,0,0,0,0,0,0,0,0.01449,0.02174,0.02174,0.02174,0.02174,0.02174,0.02174,0.02174,0.02174,0.02174,0.02899,0.04348,0.07971,0.0942,0.12319,0.13768,0.17391,0.21739,0.26087,0.31159,0.36957,0.37681,0.4058,0.41304,0.42029,0.45652,0.46377,0.48551,0.52174,0.57971,0.63043,0.63768,0.63768,0.63768,0.64493,0.67391,0.7029,0.74638,0.75362,0.75362,0.77536,0.78986,0.80435,0.81884,0.82609,0.83333,0.84058,0.85507,0.87681,0.88406,0.8913,0.9058,0.93478,0.94928,0.96377,0.96377,0.97101,0.97826,0.97826,0.99275,1],"ARUC":0.9847524154589372},"stats":{"avrSample":0.31314499601207735,"histogramSample":[0.00725,0,0.01449,0,0,0.00725,0,0.00725,0,0,0.00725,0.01449,0,0.02174,0.01449,0.00725,0.00725,0.00725,0,0.00725,0.01449,0.01449,0.00725,0.00725,0,0.00725,0.00725,0,0.00725,0.00725,0,0.01449,0.00725,0.00725,0.02174,0,0,0.00725,0.02174,0.02174,0.02899,0.02174,0.00725,0.00725,0,0,0,0,0.00725,0.01449,0.02174,0.03623,0.03623,0.02174,0.02174,0.01449,0,0.00725,0.01449,0.02174,0.00725,0.00725,0,0.01449,0.02174,0,0.03623,0.02899,0.02899,0.03623,0.02174,0.02174,0.04348,0.01449,0,0.01449,0.02174,0.00725,0.01449,0.01449,0.01449,0.01449,0.01449,0,0,0,0,0,0,0,0,0,0,0,0,0,0,0,0.00725,0.00725,0.00725],"areaOverlap":0.08514492753623189,"stdControl":0.1473144266273871,"Z-probability":0.9619016717082324,"stdSample":0.13767376575493448,"avrControl":0.903177293999863,"histogramControl":[0.04167,0,0,0,0,0,0,0,0,0,0,0,0,0,0,0,0.04167,0,0,0,0,0,0,0,0,0,0,0,0,0,0,0,0,0,0,0,0,0,0,0,0,0,0,0,0,0,0,0,0,0,0,0,0,0,0,0,0,0,0,0,0,0,0,0,0,0.04167,0,0,0,0,0.04167,0,0.04167,0,0,0,0,0,0,0,0,0,0,0.04167,0,0.08333,0,0.04167,0.125,0,0,0.04167,0.08333,0,0,0,0,0,0,0,0.375],"Z":-0.4490131812490432},"rocChart":{"value":{"series":[[0,0.375,0.375,0.375,0.375,0.45833,0.5,0.58333,0.66667,0.75,0.75,0.79167,0.79167,0.79167,0.79167,0.79167,0.79167,0.83333,0.875,0.875,0.875,0.91667,0.91667,0.91667,0.91667,0.91667,0.91667,0.91667,0.91667,0.91667,0.91667,0.91667,0.91667,0.91667,0.91667,0.91667,0.91667,0.91667,0.91667,0.91667,0.91667,0.91667,0.91667,0.91667,0.91667,0.91667,0.91667,0.91667,0.91667,0.91667,0.95833,0.95833,0.95833,0.95833,0.95833,0.95833,0.95833,0.95833,0.95833,0.95833,1,1,1,1,1,1,1,1,1,1,1,1,1,1,1,1,1,1,1,1,1,1,1,1,1,1,1,1,1,1,1,1,1,1,1,1,1,1,1,1,1]],"title":"ROC Curve","yAxis":{"label":"FPR"},"serieLabels":[""],"xAxis":{"label":"TPR"},"x":[0,0,0,0,0,0,0,0,0,0,0,0,0,0,0,0,0,0,0,0,0,0,0,0,0,0,0,0,0,0,0,0,0,0,0,0,0,0,0,0,0.01449,0.02174,0.02174,0.02174,0.02174,0.02174,0.02174,0.02174,0.02174,0.02174,0.02899,0.04348,0.07971,0.0942,0.12319,0.13768,0.17391,0.21739,0.26087,0.31159,0.36957,0.37681,0.4058,0.41304,0.42029,0.45652,0.46377,0.48551,0.52174,0.57971,0.63043,0.63768,0.63768,0.63768,0.64493,0.67391,0.7029,0.74638,0.75362,0.75362,0.77536,0.78986,0.80435,0.81884,0.82609,0.83333,0.84058,0.85507,0.87681,0.88406,0.8913,0.9058,0.93478,0.94928,0.96377,0.96377,0.97101,0.97826,0.97826,0.99275,1]},"type":"xyChart"},"histogram":{"value":{"series":[[0.00725,0,0.01449,0,0,0.00725,0,0.00725,0,0,0.00725,0.01449,0,0.02174,0.01449,0.00725,0.00725,0.00725,0,0.00725,0.01449,0.01449,0.00725,0.00725,0,0.00725,0.00725,0,0.00725,0.00725,0,0.01449,0.00725,0.00725,0.02174,0,0,0.00725,0.02174,0.02174,0.02899,0.02174,0.00725,0.00725,0,0,0,0,0.00725,0.01449,0.02174,0.03623,0.03623,0.02174,0.02174,0.01449,0,0.00725,0.01449,0.02174,0.00725,0.00725,0,0.01449,0.02174,0,0.03623,0.02899,0.02899,0.03623,0.02174,0.02174,0.04348,0.01449,0,0.01449,0.02174,0.00725,0.01449,0.01449,0.01449,0.01449,0.01449,0,0,0,0,0,0,0,0,0,0,0,0,0,0,0,0.00725,0.00725,0.00725],[0.04167,0,0,0,0,0,0,0,0,0,0,0,0,0,0,0,0.04167,0,0,0,0,0,0,0,0,0,0,0,0,0,0,0,0,0,0,0,0,0,0,0,0,0,0,0,0,0,0,0,0,0,0,0,0,0,0,0,0,0,0,0,0,0,0,0,0,0.04167,0,0,0,0,0.04167,0,0.04167,0,0,0,0,0,0,0,0,0,0,0.04167,0,0.08333,0,0.04167,0.125,0,0,0.04167,0.08333,0,0,0,0,0,0,0,0.375]],"title":"Sample and Control distribution","yAxis":{"label":"Population"},"serieLabels":["Sample","Control"],"xAxis":{"label":"Similarity"},"x":[0,1,2,3,4,5,6,7,8,9,10,11,12,13,14,15,16,17,18,19,20,21,22,23,24,25,26,27,28,29,30,31,32,33,34,35,36,37,38,39,40,41,42,43,44,45,46,47,48,49,50,51,52,53,54,55,56,57,58,59,60,61,62,63,64,65,66,67,68,69,70,71,72,73,74,75,76,77,78,79,80,81,82,83,84,85,86,87,88,89,90,91,92,93,94,95,96,97,98,99,100]},"type":"xyChart"},"distanceMatrix":{"value":{"yLabel":[{"Subclass":"Nylon6","General class":"Nylon","batch":"1-3","Class":"Nylon6","code":"84A0210","jcamp":{"type":"jcamp","url":"http://mylims.epfl.ch/lims/Lims?action=GetResource&id=28298596&table=ir&column=resource&mimetype=chemical/x-jcamp-dx&&key=ycUpMpEN1f"}},{"Subclass":"Nylon6","General class":"Nylon","batch":"3-5","Class":"Nylon6","code":"85A0277","jcamp":{"type":"jcamp","url":"http://mylims.epfl.ch/lims/Lims?action=GetResource&id=28298728&table=ir&column=resource&mimetype=chemical/x-jcamp-dx&&key=LxKaYHEnk5"}},{"Subclass":"Nylon66","General class":"Nylon","batch":"4-6","Class":"Nylon66","code":"87A0402","jcamp":{"type":"jcamp","url":"http://mylims.epfl.ch/lims/Lims?action=GetResource&id=28299070&table=ir&column=resource&mimetype=chemical/x-jcamp-dx&&key=eM4MXefP8o"}},{"Subclass":"modacrylic_PAN_VDC","General class":"Modacrylic","batch":"3-1","Class":"modacrylic","code":"87A0381","jcamp":{"type":"jcamp","url":"http://mylims.epfl.ch/lims/Lims?action=GetResource&id=28298128&table=ir&column=resource&mimetype=chemical/x-jcamp-dx&&key=qZEjmJTpmc"}},{"Subclass":"Nylon6","General class":"Nylon","batch":"2-5","Class":"Nylon6","code":"82","jcamp":{"type":"jcamp","url":"http://mylims.epfl.ch/lims/Lims?action=GetResource&id=28298380&table=ir&column=resource&mimetype=chemical/x-jcamp-dx&&key=NjfqcX3pvQ"}},{"Subclass":"fluorocarbon","General class":"Fluorocarbon","batch":"4-5","Class":"fluorocarbon","code":"87A0465","jcamp":{"type":"jcamp","url":"http://mylims.epfl.ch/lims/Lims?action=GetResource&id=28297444&table=ir&column=resource&mimetype=chemical/x-jcamp-dx&&key=L2pt7hJpOO"}},{"Subclass":"modacrylic_PAN_VC","General class":"Modacrylic","batch":"2-1","Class":"modacrylic","code":"66","jcamp":{"type":"jcamp","url":"http://mylims.epfl.ch/lims/Lims?action=GetResource&id=28297696&table=ir&column=resource&mimetype=chemical/x-jcamp-dx&&key=vwmcsrFW97"}},{"Subclass":"rayon","General class":"Rayon","batch":"1-1","Class":"rayon","code":"85A0231","jcamp":{"type":"jcamp","url":"http://mylims.epfl.ch/lims/Lims?action=GetResource&id=28297066&table=ir&column=resource&mimetype=chemical/x-jcamp-dx&&key=nAc6DWyk8E"}},{"Subclass":"PAN_MA","General class":"Acrylic","batch":"2-2","Class":"PAN","code":"39","jcamp":{"type":"jcamp","url":"http://mylims.epfl.ch/lims/Lims?action=GetResource&id=28296550&table=ir&column=resource&mimetype=chemical/x-jcamp-dx&&key=mobWHstG6o"}},{"Subclass":"rayon","General class":"Rayon","batch":"1-5","Class":"rayon","code":"188","jcamp":{"type":"jcamp","url":"http://mylims.epfl.ch/lims/Lims?action=GetResource&id=28296808&table=ir&column=resource&mimetype=chemical/x-jcamp-dx&&key=9SkakBfah8"}},{"Subclass":"Polyester_PET","General class":"Polyester","batch":"2-6","Class":"Polyester","code":"87A0462","jcamp":{"type":"jcamp","url":"http://mylims.epfl.ch/lims/Lims?action=GetResource&id=28295740&table=ir&column=resource&mimetype=chemical/x-jcamp-dx&&key=TALwfAQ95O"}},{"Subclass":"triacetate","General class":"Acetate","batch":"4-4","Class":"triacetate","code":"87A0418","jcamp":{"type":"jcamp",